[{
	"id": 1,
	"name": "总裁办",
	"desc": "公司最高组织机构层，负责公司全面运营管理",
	"time": 1568640222269,
	"state": 0
}, {
	"id": 2,
	"name": "销售部",
	"desc": "公司业务销售管理部门，负责拓展渠道和维护客户",
	"time": 1568640222269,
	"state": 0
}, {
	"id": 3,
	"name": "产品研发部",
	"desc": "公司产品研发部门，负责生产研发公司的产品",
	"time": 1568640222269,
	"state": 0
}, {
	"id": 4,
	"name": "后勤部",
	"desc": "公司后勤管理部门，负责行政、财务、人事等日常管理工作",
	"time": 1568640222269,
	"state": 0
}]